{"stats":{"minecraft:used":{"minecraft:rose_bush":1},"minecraft:picked_up":{"minecraft:rose_bush":1},"minecraft:custom":{"minecraft:jump":172,"minecraft:time_since_rest":34966,"minecraft:walk_on_water_one_cm":331,"minecraft:crouch_one_cm":2445,"minecraft:leave_game":1,"minecraft:play_time":34966,"minecraft:sprint_one_cm":8125,"minecraft:damage_taken":70,"minecraft:time_since_death":34966,"minecraft:walk_one_cm":16288,"minecraft:sneak_time":932,"minecraft:total_world_time":34966,"minecraft:walk_under_water_one_cm":136,"minecraft:fall_one_cm":3165,"minecraft:fly_one_cm":24991},"minecraft:mined":{"minecraft:rose_bush":1,"minecraft:oak_leaves":5}},"DataVersion":3953}