{"stats":{"minecraft:used":{"minecraft:rose_bush":1},"minecraft:picked_up":{"minecraft:rose_bush":1},"minecraft:custom":{"minecraft:jump":175,"minecraft:time_since_rest":46848,"minecraft:damage_taken":70,"minecraft:leave_game":3,"minecraft:crouch_one_cm":2467,"minecraft:play_time":46848,"minecraft:sprint_one_cm":8374,"minecraft:time_since_death":46848,"minecraft:walk_on_water_one_cm":331,"minecraft:walk_one_cm":16412,"minecraft:sneak_time":970,"minecraft:total_world_time":46848,"minecraft:walk_under_water_one_cm":136,"minecraft:fall_one_cm":3165,"minecraft:fly_one_cm":26110},"minecraft:mined":{"minecraft:rose_bush":1,"minecraft:oak_leaves":5}},"DataVersion":3953}