{"stats":{"minecraft:used":{"minecraft:rose_bush":1},"minecraft:picked_up":{"minecraft:rose_bush":1},"minecraft:custom":{"minecraft:jump":79,"minecraft:time_since_rest":10966,"minecraft:crouch_one_cm":22,"minecraft:leave_game":1,"minecraft:play_time":10966,"minecraft:sprint_one_cm":5838,"minecraft:damage_taken":70,"minecraft:time_since_death":10966,"minecraft:walk_one_cm":8374,"minecraft:sneak_time":7,"minecraft:total_world_time":10966,"minecraft:fall_one_cm":3165,"minecraft:fly_one_cm":10893},"minecraft:mined":{"minecraft:rose_bush":1,"minecraft:oak_leaves":5}},"DataVersion":3953}