{"stats":{"minecraft:used":{"minecraft:rose_bush":1},"minecraft:picked_up":{"minecraft:rose_bush":1},"minecraft:custom":{"minecraft:jump":143,"minecraft:time_since_rest":22966,"minecraft:walk_on_water_one_cm":331,"minecraft:crouch_one_cm":1236,"minecraft:leave_game":1,"minecraft:play_time":22966,"minecraft:sprint_one_cm":7278,"minecraft:damage_taken":70,"minecraft:time_since_death":22966,"minecraft:walk_one_cm":15446,"minecraft:sneak_time":736,"minecraft:total_world_time":22966,"minecraft:walk_under_water_one_cm":136,"minecraft:fall_one_cm":3165,"minecraft:fly_one_cm":23094},"minecraft:mined":{"minecraft:rose_bush":1,"minecraft:oak_leaves":5}},"DataVersion":3953}