{"stats":{"minecraft:used":{"minecraft:rose_bush":1},"minecraft:picked_up":{"minecraft:rose_bush":1},"minecraft:custom":{"minecraft:jump":313,"minecraft:time_since_rest":102395,"minecraft:damage_taken":70,"minecraft:leave_game":7,"minecraft:crouch_one_cm":2981,"minecraft:play_time":102395,"minecraft:sprint_one_cm":25276,"minecraft:time_since_death":102395,"minecraft:walk_on_water_one_cm":1818,"minecraft:walk_one_cm":23585,"minecraft:sneak_time":1184,"minecraft:total_world_time":102395,"minecraft:walk_under_water_one_cm":3013,"minecraft:fall_one_cm":3165,"minecraft:fly_one_cm":87371},"minecraft:mined":{"minecraft:rose_bush":1,"minecraft:oak_leaves":5}},"DataVersion":3953}