{"stats":{"minecraft:used":{"minecraft:rose_bush":1},"minecraft:picked_up":{"minecraft:rose_bush":1},"minecraft:custom":{"minecraft:jump":194,"minecraft:time_since_rest":54818,"minecraft:damage_taken":70,"minecraft:leave_game":6,"minecraft:crouch_one_cm":2981,"minecraft:play_time":54818,"minecraft:sprint_one_cm":10502,"minecraft:time_since_death":54818,"minecraft:walk_on_water_one_cm":1818,"minecraft:walk_one_cm":19375,"minecraft:sneak_time":1177,"minecraft:total_world_time":54818,"minecraft:walk_under_water_one_cm":2863,"minecraft:fall_one_cm":3165,"minecraft:fly_one_cm":41638},"minecraft:mined":{"minecraft:rose_bush":1,"minecraft:oak_leaves":5}},"DataVersion":3953}