{"stats":{"minecraft:used":{"minecraft:rose_bush":1},"minecraft:picked_up":{"minecraft:rose_bush":1},"minecraft:custom":{"minecraft:jump":207,"minecraft:time_since_rest":78395,"minecraft:damage_taken":70,"minecraft:leave_game":7,"minecraft:crouch_one_cm":2981,"minecraft:play_time":78395,"minecraft:sprint_one_cm":10660,"minecraft:time_since_death":78395,"minecraft:walk_on_water_one_cm":1818,"minecraft:walk_one_cm":21245,"minecraft:sneak_time":1177,"minecraft:total_world_time":78395,"minecraft:walk_under_water_one_cm":3013,"minecraft:fall_one_cm":3165,"minecraft:fly_one_cm":66877},"minecraft:mined":{"minecraft:rose_bush":1,"minecraft:oak_leaves":5}},"DataVersion":3953}