{"stats":{"minecraft:used":{"minecraft:quartz_block":61,"minecraft:sea_lantern":8,"minecraft:sand":5,"minecraft:quartz_slab":13,"minecraft:quartz_stairs":38},"minecraft:custom":{"minecraft:jump":2634,"minecraft:time_since_rest":61642,"minecraft:walk_on_water_one_cm":984,"minecraft:damage_dealt":105,"minecraft:crouch_one_cm":3470,"minecraft:leave_game":3,"minecraft:play_time":61642,"minecraft:sprint_one_cm":198626,"minecraft:damage_taken":140,"minecraft:time_since_death":61642,"minecraft:walk_one_cm":43623,"minecraft:sneak_time":970,"minecraft:walk_under_water_one_cm":454,"minecraft:total_world_time":61642,"minecraft:fall_one_cm":14736,"minecraft:fly_one_cm":717285},"minecraft:mined":{"minecraft:short_grass":3,"minecraft:oak_leaves":2}},"DataVersion":3953}