{"stats":{"minecraft:used":{"minecraft:quartz_block":61,"minecraft:diorite":1,"minecraft:sea_lantern":10,"minecraft:sand":5,"minecraft:quartz_slab":13,"minecraft:quartz_stairs":38},"minecraft:custom":{"minecraft:jump":3628,"minecraft:time_since_rest":85642,"minecraft:walk_on_water_one_cm":1611,"minecraft:damage_dealt":105,"minecraft:crouch_one_cm":3954,"minecraft:leave_game":3,"minecraft:play_time":85642,"minecraft:sprint_one_cm":271230,"minecraft:damage_taken":140,"minecraft:time_since_death":85642,"minecraft:walk_one_cm":51594,"minecraft:sneak_time":1111,"minecraft:walk_under_water_one_cm":633,"minecraft:total_world_time":85642,"minecraft:fall_one_cm":14736,"minecraft:fly_one_cm":979413},"minecraft:mined":{"minecraft:short_grass":3,"minecraft:oak_leaves":2}},"DataVersion":3953}