{"stats":{"minecraft:used":{"minecraft:quartz_block":61,"minecraft:sea_lantern":4,"minecraft:sand":5,"minecraft:quartz_slab":13,"minecraft:quartz_stairs":38},"minecraft:custom":{"minecraft:jump":1854,"minecraft:time_since_rest":37642,"minecraft:damage_dealt":105,"minecraft:crouch_one_cm":2169,"minecraft:leave_game":3,"minecraft:play_time":37642,"minecraft:sprint_one_cm":135747,"minecraft:damage_taken":140,"minecraft:time_since_death":37642,"minecraft:walk_one_cm":34617,"minecraft:sneak_time":582,"minecraft:total_world_time":37642,"minecraft:fall_one_cm":14736,"minecraft:fly_one_cm":437511},"minecraft:mined":{"minecraft:short_grass":3,"minecraft:oak_leaves":2}},"DataVersion":3953}