{"stats":{"minecraft:used":{"minecraft:quartz_block":61,"minecraft:diorite":1,"minecraft:sea_lantern":10,"minecraft:sand":5,"minecraft:quartz_slab":13,"minecraft:quartz_stairs":38},"minecraft:custom":{"minecraft:jump":2961,"minecraft:time_since_rest":73642,"minecraft:walk_on_water_one_cm":1611,"minecraft:damage_dealt":105,"minecraft:crouch_one_cm":3531,"minecraft:leave_game":3,"minecraft:play_time":73642,"minecraft:sprint_one_cm":225823,"minecraft:damage_taken":140,"minecraft:time_since_death":73642,"minecraft:walk_one_cm":47406,"minecraft:sneak_time":995,"minecraft:walk_under_water_one_cm":633,"minecraft:total_world_time":73642,"minecraft:fall_one_cm":14736,"minecraft:fly_one_cm":810864},"minecraft:mined":{"minecraft:short_grass":3,"minecraft:oak_leaves":2}},"DataVersion":3953}