{"stats":{"minecraft:used":{"minecraft:quartz_block":61,"minecraft:sea_lantern":4,"minecraft:sand":5,"minecraft:quartz_slab":13,"minecraft:quartz_stairs":38},"minecraft:custom":{"minecraft:jump":2300,"minecraft:time_since_rest":49642,"minecraft:damage_dealt":105,"minecraft:crouch_one_cm":2993,"minecraft:leave_game":3,"minecraft:play_time":49642,"minecraft:sprint_one_cm":170055,"minecraft:damage_taken":140,"minecraft:time_since_death":49642,"minecraft:walk_one_cm":39368,"minecraft:sneak_time":792,"minecraft:total_world_time":49642,"minecraft:fall_one_cm":14736,"minecraft:fly_one_cm":563850},"minecraft:mined":{"minecraft:short_grass":3,"minecraft:oak_leaves":2}},"DataVersion":3953}