{"stats":{"minecraft:used":{"minecraft:quartz_block":61,"minecraft:sea_lantern":1,"minecraft:sand":2,"minecraft:quartz_slab":13,"minecraft:quartz_stairs":13},"minecraft:custom":{"minecraft:jump":550,"minecraft:time_since_rest":13642,"minecraft:damage_dealt":85,"minecraft:crouch_one_cm":826,"minecraft:leave_game":3,"minecraft:play_time":13642,"minecraft:sprint_one_cm":43689,"minecraft:damage_taken":140,"minecraft:time_since_death":13642,"minecraft:walk_one_cm":16817,"minecraft:sneak_time":186,"minecraft:total_world_time":13642,"minecraft:fall_one_cm":14736,"minecraft:fly_one_cm":122160},"minecraft:mined":{"minecraft:short_grass":3,"minecraft:oak_leaves":2}},"DataVersion":3953}