{"stats":{"minecraft:used":{"minecraft:diorite":1,"minecraft:sea_lantern":10,"minecraft:sand":5,"minecraft:loom":1,"minecraft:quartz_slab":13,"minecraft:black_banner":1,"minecraft:quartz_block":61,"minecraft:quartz_stairs":38},"minecraft:custom":{"minecraft:time_since_rest":109642,"minecraft:crouch_one_cm":4749,"minecraft:interact_with_loom":8,"minecraft:sprint_one_cm":336876,"minecraft:play_time":109642,"minecraft:damage_taken":140,"minecraft:walk_one_cm":58531,"minecraft:sneak_time":1393,"minecraft:walk_under_water_one_cm":676,"minecraft:jump":4554,"minecraft:damage_dealt":105,"minecraft:leave_game":3,"minecraft:time_since_death":109642,"minecraft:walk_on_water_one_cm":1819,"minecraft:total_world_time":109642,"minecraft:swim_one_cm":338,"minecraft:fall_one_cm":14736,"minecraft:fly_one_cm":1257920},"minecraft:mined":{"minecraft:short_grass":3,"minecraft:oak_leaves":2}},"DataVersion":3953}