{"stats":{"minecraft:used":{"minecraft:diorite":1,"minecraft:sea_lantern":10,"minecraft:sand":5,"minecraft:loom":1,"minecraft:quartz_slab":13,"minecraft:black_banner":1,"minecraft:quartz_block":61,"minecraft:quartz_stairs":38},"minecraft:custom":{"minecraft:time_since_rest":157527,"minecraft:crouch_one_cm":5139,"minecraft:sprint_one_cm":395417,"minecraft:interact_with_loom":8,"minecraft:play_time":157527,"minecraft:damage_taken":140,"minecraft:walk_one_cm":64950,"minecraft:sneak_time":1525,"minecraft:walk_under_water_one_cm":779,"minecraft:jump":5389,"minecraft:damage_dealt":105,"minecraft:leave_game":5,"minecraft:walk_on_water_one_cm":2157,"minecraft:time_since_death":157527,"minecraft:total_world_time":157527,"minecraft:swim_one_cm":836,"minecraft:fall_one_cm":14736,"minecraft:fly_one_cm":1466032},"minecraft:mined":{"minecraft:short_grass":3,"minecraft:oak_leaves":2}},"DataVersion":3953}